Model,CENT/GPU Normalized Throughput (Tokens/s)
Llama2-7B,0.3301848757517148
Llama2-13B,0.41935074141696677
Llama2-70B,0.46155364470635657
Llama2-7B,2.9900903756278185
Llama2-13B,4.150189550857532
Llama2-70B,1.2615529667267675
Llama2-7B,2.7902912115769722
Llama2-13B,3.8418048534920946
Llama2-70B,1.1845601799771235
Geomean,2.3329959622336505
