Model,CENT/GPU Normalized Tokens / $
Llama2-7B,6.677386767426336
Llama2-13B,7.36305724079203
Llama2-70B,2.840273724224372
Geomean,5.188099560287289
