pp80_tp1,pp16_tp2
1.245898013441398,1.127988468265746
1.967951742558871,1.6617803114536012
2.633762487404332,2.103778632067325
3.330168106923337,2.554359760976261
