Model,CENT/GPU Normalized Tokens / $
Llama2-7B,6.727277441610234
Llama2-13B,7.409946895502561
Llama2-70B,2.855925913369503
Geomean,5.221562217154698
