Production Volume (Million),Die Cost ($),Packaging Cost ($),NRE Cost ($)
1,2.6892438605815463,1.0984235486882372,24.376611
2,2.6892438605815463,1.0984235486882372,12.1883055
3,2.6892438605815463,1.0984235486882372,8.125537
4,2.6892438605815463,1.0984235486882372,6.09415275
5,2.6892438605815463,1.0984235486882372,4.8753222
